<annotation>
	<folder>imgs</folder>
	<filename>pic18.jpg</filename>
	<path>C:/Users/furka/OneDrive/Desktop/new AI project/imgs/pic18.jpg</path>
	<source>
		<database>Unknown</database>
	</source>
	<size>
		<width>681</width>
		<height>400</height>
		<depth>3</depth>
	</size>
	<segmented>0</segmented>
	<object>
		<name>Refrigerator</name>
		<pose>Unspecified</pose>
		<truncated>0</truncated>
		<difficult>0</difficult>
		<bndbox>
			<xmin>243</xmin>
			<ymin>33</ymin>
			<xmax>378</xmax>
			<ymax>215</ymax>
		</bndbox>
	</object>
	<object>
		<name>Refrigerator</name>
		<pose>Unspecified</pose>
		<truncated>0</truncated>
		<difficult>0</difficult>
		<bndbox>
			<xmin>386</xmin>
			<ymin>62</ymin>
			<xmax>509</xmax>
			<ymax>183</ymax>
		</bndbox>
	</object>
	<object>
		<name>AC</name>
		<pose>Unspecified</pose>
		<truncated>0</truncated>
		<difficult>0</difficult>
		<bndbox>
			<xmin>222</xmin>
			<ymin>334</ymin>
			<xmax>336</xmax>
			<ymax>377</ymax>
		</bndbox>
	</object>
	<object>
		<name>AC</name>
		<pose>Unspecified</pose>
		<truncated>0</truncated>
		<difficult>0</difficult>
		<bndbox>
			<xmin>181</xmin>
			<ymin>67</ymin>
			<xmax>235</xmax>
			<ymax>215</ymax>
		</bndbox>
	</object>
</annotation>
