<annotation>
	<folder>imgs</folder>
	<filename>pic10.jpg</filename>
	<path>C:/Users/furka/OneDrive/Desktop/new AI project/imgs/pic10.jpg</path>
	<source>
		<database>Unknown</database>
	</source>
	<size>
		<width>707</width>
		<height>400</height>
		<depth>3</depth>
	</size>
	<segmented>0</segmented>
	<object>
		<name>AC</name>
		<pose>Unspecified</pose>
		<truncated>0</truncated>
		<difficult>0</difficult>
		<bndbox>
			<xmin>13</xmin>
			<ymin>56</ymin>
			<xmax>318</xmax>
			<ymax>138</ymax>
		</bndbox>
	</object>
	<object>
		<name>Refrigerator</name>
		<pose>Unspecified</pose>
		<truncated>0</truncated>
		<difficult>0</difficult>
		<bndbox>
			<xmin>366</xmin>
			<ymin>8</ymin>
			<xmax>551</xmax>
			<ymax>349</ymax>
		</bndbox>
	</object>
</annotation>
