<annotation>
	<folder>imgs</folder>
	<filename>pic1.jpg</filename>
	<path>C:/Users/furka/OneDrive/Desktop/new AI project/imgs/pic1.jpg</path>
	<source>
		<database>Unknown</database>
	</source>
	<size>
		<width>800</width>
		<height>600</height>
		<depth>3</depth>
	</size>
	<segmented>0</segmented>
	<object>
		<name>Refrigerator</name>
		<pose>Unspecified</pose>
		<truncated>1</truncated>
		<difficult>0</difficult>
		<bndbox>
			<xmin>3</xmin>
			<ymin>375</ymin>
			<xmax>275</xmax>
			<ymax>600</ymax>
		</bndbox>
	</object>
	<object>
		<name>Refrigerator</name>
		<pose>Unspecified</pose>
		<truncated>1</truncated>
		<difficult>0</difficult>
		<bndbox>
			<xmin>294</xmin>
			<ymin>309</ymin>
			<xmax>436</xmax>
			<ymax>600</ymax>
		</bndbox>
	</object>
	<object>
		<name>Refrigerator</name>
		<pose>Unspecified</pose>
		<truncated>0</truncated>
		<difficult>0</difficult>
		<bndbox>
			<xmin>508</xmin>
			<ymin>205</ymin>
			<xmax>568</xmax>
			<ymax>542</ymax>
		</bndbox>
	</object>
</annotation>
