<annotation>
	<folder>imgs</folder>
	<filename>pic14.jpg</filename>
	<path>C:/Users/furka/OneDrive/Desktop/new AI project/imgs/pic14.jpg</path>
	<source>
		<database>Unknown</database>
	</source>
	<size>
		<width>480</width>
		<height>360</height>
		<depth>3</depth>
	</size>
	<segmented>0</segmented>
	<object>
		<name>Refrigerator</name>
		<pose>Unspecified</pose>
		<truncated>0</truncated>
		<difficult>0</difficult>
		<bndbox>
			<xmin>204</xmin>
			<ymin>99</ymin>
			<xmax>264</xmax>
			<ymax>271</ymax>
		</bndbox>
	</object>
	<object>
		<name>Refrigerator</name>
		<pose>Unspecified</pose>
		<truncated>0</truncated>
		<difficult>0</difficult>
		<bndbox>
			<xmin>283</xmin>
			<ymin>108</ymin>
			<xmax>352</xmax>
			<ymax>270</ymax>
		</bndbox>
	</object>
	<object>
		<name>AC</name>
		<pose>Unspecified</pose>
		<truncated>0</truncated>
		<difficult>0</difficult>
		<bndbox>
			<xmin>29</xmin>
			<ymin>92</ymin>
			<xmax>164</xmax>
			<ymax>137</ymax>
		</bndbox>
	</object>
</annotation>
