<annotation>
	<folder>imgs</folder>
	<filename>pic17.jpg</filename>
	<path>C:/Users/furka/OneDrive/Desktop/new AI project/imgs/pic17.jpg</path>
	<source>
		<database>Unknown</database>
	</source>
	<size>
		<width>2000</width>
		<height>1500</height>
		<depth>3</depth>
	</size>
	<segmented>0</segmented>
	<object>
		<name>Refrigerator</name>
		<pose>Unspecified</pose>
		<truncated>0</truncated>
		<difficult>0</difficult>
		<bndbox>
			<xmin>440</xmin>
			<ymin>364</ymin>
			<xmax>557</xmax>
			<ymax>690</ymax>
		</bndbox>
	</object>
	<object>
		<name>Refrigerator</name>
		<pose>Unspecified</pose>
		<truncated>0</truncated>
		<difficult>0</difficult>
		<bndbox>
			<xmin>346</xmin>
			<ymin>360</ymin>
			<xmax>420</xmax>
			<ymax>693</ymax>
		</bndbox>
	</object>
	<object>
		<name>Refrigerator</name>
		<pose>Unspecified</pose>
		<truncated>1</truncated>
		<difficult>0</difficult>
		<bndbox>
			<xmin>1285</xmin>
			<ymin>679</ymin>
			<xmax>1643</xmax>
			<ymax>1500</ymax>
		</bndbox>
	</object>
</annotation>
