<annotation>
	<folder>imgs</folder>
	<filename>pic12.jpg</filename>
	<path>C:/Users/furka/OneDrive/Desktop/new AI project/imgs/pic12.jpg</path>
	<source>
		<database>Unknown</database>
	</source>
	<size>
		<width>291</width>
		<height>173</height>
		<depth>3</depth>
	</size>
	<segmented>0</segmented>
	<object>
		<name>AC</name>
		<pose>Unspecified</pose>
		<truncated>0</truncated>
		<difficult>0</difficult>
		<bndbox>
			<xmin>15</xmin>
			<ymin>106</ymin>
			<xmax>185</xmax>
			<ymax>170</ymax>
		</bndbox>
	</object>
	<object>
		<name>Refrigerator</name>
		<pose>Unspecified</pose>
		<truncated>0</truncated>
		<difficult>0</difficult>
		<bndbox>
			<xmin>224</xmin>
			<ymin>27</ymin>
			<xmax>284</xmax>
			<ymax>137</ymax>
		</bndbox>
	</object>
</annotation>
