<annotation>
	<folder>imgs</folder>
	<filename>pic13.jpg</filename>
	<path>C:/Users/furka/OneDrive/Desktop/new AI project/imgs/pic13.jpg</path>
	<source>
		<database>Unknown</database>
	</source>
	<size>
		<width>500</width>
		<height>377</height>
		<depth>3</depth>
	</size>
	<segmented>0</segmented>
	<object>
		<name>Refrigerator</name>
		<pose>Unspecified</pose>
		<truncated>1</truncated>
		<difficult>0</difficult>
		<bndbox>
			<xmin>120</xmin>
			<ymin>211</ymin>
			<xmax>210</xmax>
			<ymax>377</ymax>
		</bndbox>
	</object>
</annotation>
