<annotation>
	<folder>imgs</folder>
	<filename>pic16.png</filename>
	<path>C:/Users/furka/OneDrive/Desktop/new AI project/imgs/pic16.png</path>
	<source>
		<database>Unknown</database>
	</source>
	<size>
		<width>600</width>
		<height>463</height>
		<depth>3</depth>
	</size>
	<segmented>0</segmented>
	<object>
		<name>Refrigerator</name>
		<pose>Unspecified</pose>
		<truncated>0</truncated>
		<difficult>0</difficult>
		<bndbox>
			<xmin>12</xmin>
			<ymin>66</ymin>
			<xmax>281</xmax>
			<ymax>416</ymax>
		</bndbox>
	</object>
	<object>
		<name>Refrigerator</name>
		<pose>Unspecified</pose>
		<truncated>0</truncated>
		<difficult>0</difficult>
		<bndbox>
			<xmin>334</xmin>
			<ymin>14</ymin>
			<xmax>556</xmax>
			<ymax>440</ymax>
		</bndbox>
	</object>
</annotation>
