<annotation>
	<folder>imgs</folder>
	<filename>pic19.png</filename>
	<path>C:/Users/furka/OneDrive/Desktop/new AI project/imgs/pic19.png</path>
	<source>
		<database>Unknown</database>
	</source>
	<size>
		<width>702</width>
		<height>474</height>
		<depth>3</depth>
	</size>
	<segmented>0</segmented>
	<object>
		<name>Refrigerator</name>
		<pose>Unspecified</pose>
		<truncated>0</truncated>
		<difficult>0</difficult>
		<bndbox>
			<xmin>32</xmin>
			<ymin>299</ymin>
			<xmax>88</xmax>
			<ymax>458</ymax>
		</bndbox>
	</object>
	<object>
		<name>Refrigerator</name>
		<pose>Unspecified</pose>
		<truncated>0</truncated>
		<difficult>0</difficult>
		<bndbox>
			<xmin>206</xmin>
			<ymin>306</ymin>
			<xmax>285</xmax>
			<ymax>462</ymax>
		</bndbox>
	</object>
	<object>
		<name>Refrigerator</name>
		<pose>Unspecified</pose>
		<truncated>0</truncated>
		<difficult>0</difficult>
		<bndbox>
			<xmin>607</xmin>
			<ymin>267</ymin>
			<xmax>693</xmax>
			<ymax>458</ymax>
		</bndbox>
	</object>
</annotation>
