<annotation>
	<folder>imgs</folder>
	<filename>pic28.jpg</filename>
	<path>C:/Users/furka/OneDrive/Desktop/new AI project/imgs/pic28.jpg</path>
	<source>
		<database>Unknown</database>
	</source>
	<size>
		<width>338</width>
		<height>338</height>
		<depth>3</depth>
	</size>
	<segmented>0</segmented>
	<object>
		<name>AC</name>
		<pose>Unspecified</pose>
		<truncated>0</truncated>
		<difficult>0</difficult>
		<bndbox>
			<xmin>29</xmin>
			<ymin>23</ymin>
			<xmax>154</xmax>
			<ymax>65</ymax>
		</bndbox>
	</object>
	<object>
		<name>Refrigerator</name>
		<pose>Unspecified</pose>
		<truncated>0</truncated>
		<difficult>0</difficult>
		<bndbox>
			<xmin>221</xmin>
			<ymin>78</ymin>
			<xmax>312</xmax>
			<ymax>298</ymax>
		</bndbox>
	</object>
</annotation>
