<annotation>
	<folder>imgs</folder>
	<filename>pic21.jpg</filename>
	<path>C:/Users/furka/OneDrive/Desktop/new AI project/imgs/pic21.jpg</path>
	<source>
		<database>Unknown</database>
	</source>
	<size>
		<width>800</width>
		<height>450</height>
		<depth>3</depth>
	</size>
	<segmented>0</segmented>
	<object>
		<name>Refrigerator</name>
		<pose>Unspecified</pose>
		<truncated>0</truncated>
		<difficult>0</difficult>
		<bndbox>
			<xmin>143</xmin>
			<ymin>46</ymin>
			<xmax>257</xmax>
			<ymax>230</ymax>
		</bndbox>
	</object>
	<object>
		<name>Refrigerator</name>
		<pose>Unspecified</pose>
		<truncated>0</truncated>
		<difficult>0</difficult>
		<bndbox>
			<xmin>269</xmin>
			<ymin>2</ymin>
			<xmax>518</xmax>
			<ymax>208</ymax>
		</bndbox>
	</object>
</annotation>
