<annotation>
	<folder>imgs</folder>
	<filename>pic24.jpg</filename>
	<path>C:/Users/furka/OneDrive/Desktop/new AI project/imgs/pic24.jpg</path>
	<source>
		<database>Unknown</database>
	</source>
	<size>
		<width>770</width>
		<height>470</height>
		<depth>3</depth>
	</size>
	<segmented>0</segmented>
	<object>
		<name>AC</name>
		<pose>Unspecified</pose>
		<truncated>0</truncated>
		<difficult>0</difficult>
		<bndbox>
			<xmin>240</xmin>
			<ymin>103</ymin>
			<xmax>307</xmax>
			<ymax>236</ymax>
		</bndbox>
	</object>
	<object>
		<name>Refrigerator</name>
		<pose>Unspecified</pose>
		<truncated>0</truncated>
		<difficult>0</difficult>
		<bndbox>
			<xmin>311</xmin>
			<ymin>77</ymin>
			<xmax>474</xmax>
			<ymax>239</ymax>
		</bndbox>
	</object>
	<object>
		<name>Refrigerator</name>
		<pose>Unspecified</pose>
		<truncated>0</truncated>
		<difficult>0</difficult>
		<bndbox>
			<xmin>483</xmin>
			<ymin>108</ymin>
			<xmax>635</xmax>
			<ymax>207</ymax>
		</bndbox>
	</object>
	<object>
		<name>AC</name>
		<pose>Unspecified</pose>
		<truncated>0</truncated>
		<difficult>0</difficult>
		<bndbox>
			<xmin>289</xmin>
			<ymin>340</ymin>
			<xmax>428</xmax>
			<ymax>382</ymax>
		</bndbox>
	</object>
</annotation>
