<annotation>
	<folder>imgs</folder>
	<filename>pic22.jpg</filename>
	<path>C:/Users/furka/OneDrive/Desktop/new AI project/imgs/pic22.jpg</path>
	<source>
		<database>Unknown</database>
	</source>
	<size>
		<width>1024</width>
		<height>768</height>
		<depth>3</depth>
	</size>
	<segmented>0</segmented>
	<object>
		<name>Refrigerator</name>
		<pose>Unspecified</pose>
		<truncated>0</truncated>
		<difficult>0</difficult>
		<bndbox>
			<xmin>424</xmin>
			<ymin>32</ymin>
			<xmax>609</xmax>
			<ymax>488</ymax>
		</bndbox>
	</object>
</annotation>
