<annotation>
	<folder>imgs</folder>
	<filename>pic2.jpg</filename>
	<path>C:/Users/furka/OneDrive/Desktop/new AI project/imgs/pic2.jpg</path>
	<source>
		<database>Unknown</database>
	</source>
	<size>
		<width>560</width>
		<height>292</height>
		<depth>3</depth>
	</size>
	<segmented>0</segmented>
	<object>
		<name>Refrigerator</name>
		<pose>Unspecified</pose>
		<truncated>0</truncated>
		<difficult>0</difficult>
		<bndbox>
			<xmin>210</xmin>
			<ymin>37</ymin>
			<xmax>329</xmax>
			<ymax>210</ymax>
		</bndbox>
	</object>
</annotation>
