<annotation>
	<folder>imgs</folder>
	<filename>pic27.jpg</filename>
	<path>C:/Users/furka/OneDrive/Desktop/new AI project/imgs/pic27.jpg</path>
	<source>
		<database>Unknown</database>
	</source>
	<size>
		<width>500</width>
		<height>500</height>
		<depth>3</depth>
	</size>
	<segmented>0</segmented>
	<object>
		<name>AC</name>
		<pose>Unspecified</pose>
		<truncated>0</truncated>
		<difficult>0</difficult>
		<bndbox>
			<xmin>19</xmin>
			<ymin>303</ymin>
			<xmax>148</xmax>
			<ymax>340</ymax>
		</bndbox>
	</object>
	<object>
		<name>Refrigerator</name>
		<pose>Unspecified</pose>
		<truncated>0</truncated>
		<difficult>0</difficult>
		<bndbox>
			<xmin>244</xmin>
			<ymin>158</ymin>
			<xmax>301</xmax>
			<ymax>250</ymax>
		</bndbox>
	</object>
</annotation>
