<annotation>
	<folder>imgs</folder>
	<filename>pic20.jpg</filename>
	<path>C:/Users/furka/OneDrive/Desktop/new AI project/imgs/pic20.jpg</path>
	<source>
		<database>Unknown</database>
	</source>
	<size>
		<width>250</width>
		<height>250</height>
		<depth>3</depth>
	</size>
	<segmented>0</segmented>
	<object>
		<name>Refrigerator</name>
		<pose>Unspecified</pose>
		<truncated>0</truncated>
		<difficult>0</difficult>
		<bndbox>
			<xmin>99</xmin>
			<ymin>46</ymin>
			<xmax>147</xmax>
			<ymax>162</ymax>
		</bndbox>
	</object>
</annotation>
