<annotation>
	<folder>imgs</folder>
	<filename>pic36.jpg</filename>
	<path>C:/Users/furka/OneDrive/Desktop/new AI project/imgs/pic36.jpg</path>
	<source>
		<database>Unknown</database>
	</source>
	<size>
		<width>1080</width>
		<height>608</height>
		<depth>3</depth>
	</size>
	<segmented>0</segmented>
	<object>
		<name>AC</name>
		<pose>Unspecified</pose>
		<truncated>0</truncated>
		<difficult>0</difficult>
		<bndbox>
			<xmin>720</xmin>
			<ymin>38</ymin>
			<xmax>1064</xmax>
			<ymax>144</ymax>
		</bndbox>
	</object>
	<object>
		<name>Refrigerator</name>
		<pose>Unspecified</pose>
		<truncated>0</truncated>
		<difficult>0</difficult>
		<bndbox>
			<xmin>11</xmin>
			<ymin>241</ymin>
			<xmax>317</xmax>
			<ymax>592</ymax>
		</bndbox>
	</object>
</annotation>
