<annotation>
	<folder>imgs</folder>
	<filename>pic31.jpg</filename>
	<path>C:/Users/furka/OneDrive/Desktop/new AI project/imgs/pic31.jpg</path>
	<source>
		<database>Unknown</database>
	</source>
	<size>
		<width>800</width>
		<height>308</height>
		<depth>3</depth>
	</size>
	<segmented>0</segmented>
	<object>
		<name>Refrigerator</name>
		<pose>Unspecified</pose>
		<truncated>0</truncated>
		<difficult>0</difficult>
		<bndbox>
			<xmin>227</xmin>
			<ymin>39</ymin>
			<xmax>292</xmax>
			<ymax>139</ymax>
		</bndbox>
	</object>
	<object>
		<name>Refrigerator</name>
		<pose>Unspecified</pose>
		<truncated>0</truncated>
		<difficult>0</difficult>
		<bndbox>
			<xmin>371</xmin>
			<ymin>9</ymin>
			<xmax>475</xmax>
			<ymax>95</ymax>
		</bndbox>
	</object>
	<object>
		<name>AC</name>
		<pose>Unspecified</pose>
		<truncated>0</truncated>
		<difficult>0</difficult>
		<bndbox>
			<xmin>475</xmin>
			<ymin>173</ymin>
			<xmax>651</xmax>
			<ymax>209</ymax>
		</bndbox>
	</object>
</annotation>
