<annotation>
	<folder>imgs</folder>
	<filename>pic35.png</filename>
	<path>C:/Users/furka/OneDrive/Desktop/new AI project/imgs/pic35.png</path>
	<source>
		<database>Unknown</database>
	</source>
	<size>
		<width>1366</width>
		<height>736</height>
		<depth>3</depth>
	</size>
	<segmented>0</segmented>
	<object>
		<name>Refrigerator</name>
		<pose>Unspecified</pose>
		<truncated>0</truncated>
		<difficult>0</difficult>
		<bndbox>
			<xmin>14</xmin>
			<ymin>60</ymin>
			<xmax>279</xmax>
			<ymax>661</ymax>
		</bndbox>
	</object>
	<object>
		<name>AC</name>
		<pose>Unspecified</pose>
		<truncated>0</truncated>
		<difficult>0</difficult>
		<bndbox>
			<xmin>329</xmin>
			<ymin>55</ymin>
			<xmax>886</xmax>
			<ymax>221</ymax>
		</bndbox>
	</object>
</annotation>
