<annotation>
	<folder>imgs</folder>
	<filename>pic39.jpg</filename>
	<path>C:/Users/furka/OneDrive/Desktop/new AI project/imgs/pic39.jpg</path>
	<source>
		<database>Unknown</database>
	</source>
	<size>
		<width>318</width>
		<height>159</height>
		<depth>3</depth>
	</size>
	<segmented>0</segmented>
	<object>
		<name>Refrigerator</name>
		<pose>Unspecified</pose>
		<truncated>0</truncated>
		<difficult>0</difficult>
		<bndbox>
			<xmin>140</xmin>
			<ymin>21</ymin>
			<xmax>185</xmax>
			<ymax>98</ymax>
		</bndbox>
	</object>
	<object>
		<name>AC</name>
		<pose>Unspecified</pose>
		<truncated>0</truncated>
		<difficult>0</difficult>
		<bndbox>
			<xmin>232</xmin>
			<ymin>74</ymin>
			<xmax>282</xmax>
			<ymax>90</ymax>
		</bndbox>
	</object>
</annotation>
