<annotation>
	<folder>imgs</folder>
	<filename>pic30.jpg</filename>
	<path>C:/Users/furka/OneDrive/Desktop/new AI project/imgs/pic30.jpg</path>
	<source>
		<database>Unknown</database>
	</source>
	<size>
		<width>500</width>
		<height>375</height>
		<depth>3</depth>
	</size>
	<segmented>0</segmented>
	<object>
		<name>Refrigerator</name>
		<pose>Unspecified</pose>
		<truncated>0</truncated>
		<difficult>0</difficult>
		<bndbox>
			<xmin>210</xmin>
			<ymin>28</ymin>
			<xmax>321</xmax>
			<ymax>186</ymax>
		</bndbox>
	</object>
</annotation>
