<annotation>
	<folder>imgs</folder>
	<filename>pic32.jpg</filename>
	<path>C:/Users/furka/OneDrive/Desktop/new AI project/imgs/pic32.jpg</path>
	<source>
		<database>Unknown</database>
	</source>
	<size>
		<width>268</width>
		<height>188</height>
		<depth>3</depth>
	</size>
	<segmented>0</segmented>
	<object>
		<name>Refrigerator</name>
		<pose>Unspecified</pose>
		<truncated>0</truncated>
		<difficult>0</difficult>
		<bndbox>
			<xmin>7</xmin>
			<ymin>6</ymin>
			<xmax>44</xmax>
			<ymax>61</ymax>
		</bndbox>
	</object>
	<object>
		<name>Refrigerator</name>
		<pose>Unspecified</pose>
		<truncated>0</truncated>
		<difficult>0</difficult>
		<bndbox>
			<xmin>3</xmin>
			<ymin>106</ymin>
			<xmax>45</xmax>
			<ymax>185</ymax>
		</bndbox>
	</object>
	<object>
		<name>Refrigerator</name>
		<pose>Unspecified</pose>
		<truncated>1</truncated>
		<difficult>0</difficult>
		<bndbox>
			<xmin>226</xmin>
			<ymin>1</ymin>
			<xmax>259</xmax>
			<ymax>57</ymax>
		</bndbox>
	</object>
	<object>
		<name>Refrigerator</name>
		<pose>Unspecified</pose>
		<truncated>0</truncated>
		<difficult>0</difficult>
		<bndbox>
			<xmin>225</xmin>
			<ymin>103</ymin>
			<xmax>262</xmax>
			<ymax>187</ymax>
		</bndbox>
	</object>
</annotation>
