<annotation>
	<folder>imgs</folder>
	<filename>pic33.jpg</filename>
	<path>C:/Users/furka/OneDrive/Desktop/new AI project/imgs/pic33.jpg</path>
	<source>
		<database>Unknown</database>
	</source>
	<size>
		<width>297</width>
		<height>170</height>
		<depth>3</depth>
	</size>
	<segmented>0</segmented>
	<object>
		<name>Refrigerator</name>
		<pose>Unspecified</pose>
		<truncated>0</truncated>
		<difficult>0</difficult>
		<bndbox>
			<xmin>136</xmin>
			<ymin>9</ymin>
			<xmax>208</xmax>
			<ymax>120</ymax>
		</bndbox>
	</object>
	<object>
		<name>AC</name>
		<pose>Unspecified</pose>
		<truncated>0</truncated>
		<difficult>0</difficult>
		<bndbox>
			<xmin>45</xmin>
			<ymin>134</ymin>
			<xmax>144</xmax>
			<ymax>165</ymax>
		</bndbox>
	</object>
	<object>
		<name>Refrigerator</name>
		<pose>Unspecified</pose>
		<truncated>0</truncated>
		<difficult>0</difficult>
		<bndbox>
			<xmin>87</xmin>
			<ymin>67</ymin>
			<xmax>135</xmax>
			<ymax>132</ymax>
		</bndbox>
	</object>
</annotation>
