<annotation>
	<folder>imgs</folder>
	<filename>pic4.gif</filename>
	<path>C:/Users/furka/OneDrive/Desktop/new AI project/imgs/pic4.gif</path>
	<source>
		<database>Unknown</database>
	</source>
	<size>
		<width>0</width>
		<height>0</height>
		<depth>3</depth>
	</size>
	<segmented>0</segmented>
	<object>
		<name>AC</name>
		<pose>Unspecified</pose>
		<truncated>0</truncated>
		<difficult>0</difficult>
		<bndbox>
			<xmin>2</xmin>
			<ymin>100</ymin>
			<xmax>340</xmax>
			<ymax>186</ymax>
		</bndbox>
	</object>
	<object>
		<name>Refrigerator</name>
		<pose>Unspecified</pose>
		<truncated>0</truncated>
		<difficult>0</difficult>
		<bndbox>
			<xmin>365</xmin>
			<ymin>38</ymin>
			<xmax>606</xmax>
			<ymax>435</ymax>
		</bndbox>
	</object>
</annotation>
