<annotation>
	<folder>imgs</folder>
	<filename>pic46.jpg</filename>
	<path>C:/Users/furka/OneDrive/Desktop/new AI project/imgs/pic46.jpg</path>
	<source>
		<database>Unknown</database>
	</source>
	<size>
		<width>259</width>
		<height>194</height>
		<depth>3</depth>
	</size>
	<segmented>0</segmented>
	<object>
		<name>AC</name>
		<pose>Unspecified</pose>
		<truncated>0</truncated>
		<difficult>0</difficult>
		<bndbox>
			<xmin>55</xmin>
			<ymin>76</ymin>
			<xmax>189</xmax>
			<ymax>118</ymax>
		</bndbox>
	</object>
</annotation>
