<annotation>
	<folder>imgs</folder>
	<filename>pic49.jpg</filename>
	<path>C:/Users/furka/OneDrive/Desktop/new AI project/imgs/pic49.jpg</path>
	<source>
		<database>Unknown</database>
	</source>
	<size>
		<width>800</width>
		<height>419</height>
		<depth>3</depth>
	</size>
	<segmented>0</segmented>
	<object>
		<name>AC</name>
		<pose>Unspecified</pose>
		<truncated>0</truncated>
		<difficult>0</difficult>
		<bndbox>
			<xmin>303</xmin>
			<ymin>133</ymin>
			<xmax>516</xmax>
			<ymax>251</ymax>
		</bndbox>
	</object>
</annotation>
