<annotation>
	<folder>imgs</folder>
	<filename>pic43.jpeg</filename>
	<path>C:/Users/furka/OneDrive/Desktop/new AI project/imgs/pic43.jpeg</path>
	<source>
		<database>Unknown</database>
	</source>
	<size>
		<width>500</width>
		<height>375</height>
		<depth>3</depth>
	</size>
	<segmented>0</segmented>
	<object>
		<name>AC</name>
		<pose>Unspecified</pose>
		<truncated>0</truncated>
		<difficult>0</difficult>
		<bndbox>
			<xmin>267</xmin>
			<ymin>50</ymin>
			<xmax>409</xmax>
			<ymax>158</ymax>
		</bndbox>
	</object>
</annotation>
