<annotation>
	<folder>imgs</folder>
	<filename>pic45.jpg</filename>
	<path>C:/Users/furka/OneDrive/Desktop/new AI project/imgs/pic45.jpg</path>
	<source>
		<database>Unknown</database>
	</source>
	<size>
		<width>612</width>
		<height>408</height>
		<depth>3</depth>
	</size>
	<segmented>0</segmented>
	<object>
		<name>AC</name>
		<pose>Unspecified</pose>
		<truncated>0</truncated>
		<difficult>0</difficult>
		<bndbox>
			<xmin>154</xmin>
			<ymin>83</ymin>
			<xmax>464</xmax>
			<ymax>198</ymax>
		</bndbox>
	</object>
</annotation>
