<annotation>
	<folder>imgs</folder>
	<filename>pic48.jpg</filename>
	<path>C:/Users/furka/OneDrive/Desktop/new AI project/imgs/pic48.jpg</path>
	<source>
		<database>Unknown</database>
	</source>
	<size>
		<width>338</width>
		<height>450</height>
		<depth>3</depth>
	</size>
	<segmented>0</segmented>
	<object>
		<name>AC</name>
		<pose>Unspecified</pose>
		<truncated>0</truncated>
		<difficult>0</difficult>
		<bndbox>
			<xmin>122</xmin>
			<ymin>218</ymin>
			<xmax>275</xmax>
			<ymax>269</ymax>
		</bndbox>
	</object>
</annotation>
