<annotation>
	<folder>imgs</folder>
	<filename>pic40.jpg</filename>
	<path>C:/Users/furka/OneDrive/Desktop/new AI project/imgs/pic40.jpg</path>
	<source>
		<database>Unknown</database>
	</source>
	<size>
		<width>1000</width>
		<height>700</height>
		<depth>3</depth>
	</size>
	<segmented>0</segmented>
	<object>
		<name>Refrigerator</name>
		<pose>Unspecified</pose>
		<truncated>1</truncated>
		<difficult>0</difficult>
		<bndbox>
			<xmin>1</xmin>
			<ymin>252</ymin>
			<xmax>148</xmax>
			<ymax>524</ymax>
		</bndbox>
	</object>
</annotation>
