<annotation>
	<folder>imgs</folder>
	<filename>pic50.jpg</filename>
	<path>C:/Users/furka/OneDrive/Desktop/new AI project/imgs/pic50.jpg</path>
	<source>
		<database>Unknown</database>
	</source>
	<size>
		<width>512</width>
		<height>384</height>
		<depth>3</depth>
	</size>
	<segmented>0</segmented>
	<object>
		<name>AC</name>
		<pose>Unspecified</pose>
		<truncated>0</truncated>
		<difficult>0</difficult>
		<bndbox>
			<xmin>55</xmin>
			<ymin>174</ymin>
			<xmax>509</xmax>
			<ymax>330</ymax>
		</bndbox>
	</object>
</annotation>
