<annotation>
	<folder>imgs</folder>
	<filename>pic8.jpg</filename>
	<path>C:/Users/furka/OneDrive/Desktop/new AI project/imgs/pic8.jpg</path>
	<source>
		<database>Unknown</database>
	</source>
	<size>
		<width>600</width>
		<height>450</height>
		<depth>3</depth>
	</size>
	<segmented>0</segmented>
	<object>
		<name>Refrigerator</name>
		<pose>Unspecified</pose>
		<truncated>0</truncated>
		<difficult>0</difficult>
		<bndbox>
			<xmin>243</xmin>
			<ymin>21</ymin>
			<xmax>357</xmax>
			<ymax>244</ymax>
		</bndbox>
	</object>
	<object>
		<name>Refrigerator</name>
		<pose>Unspecified</pose>
		<truncated>0</truncated>
		<difficult>0</difficult>
		<bndbox>
			<xmin>139</xmin>
			<ymin>90</ymin>
			<xmax>240</xmax>
			<ymax>213</ymax>
		</bndbox>
	</object>
</annotation>
